ID,Data,ProdutoID,VendedorID,Quantidade,ValorUnitario,Desconto,RegiaoID
1,2023-11-28,13,10,8,227.56,0,4
2,2025-02-26,8,2,5,32.67,0.15,2
3,2023-03-26,28,2,4,18.34,0.05,4
4,2023-10-07,17,6,8,331.8,0,8
5,2025-11-27,23,6,1,64.73,0,8
6,2024-09-05,11,10,3,31.89,0.1,6
7,2024-02-26,12,2,1,63.82,0.05,7
8,2023-11-27,19,10,3,100.97,0.05,8
9,2023-06-15,15,8,9,121.41,0.15,4
10,2025-08-01,6,8,9,230.48,0.15,6
11,2024-06-13,24,8,6,69.12,0.05,7
12,2025-01-21,26,6,9,100.93,0,2
13,2025-07-20,21,3,6,281.7,0.15,8
14,2024-04-17,25,9,6,35.28,0.1,1
15,2025-04-08,17,9,8,262.34,0.05,4
16,2025-08-07,26,3,7,84.16,0.15,6
17,2025-02-13,25,2,10,28.88,0.15,4
18,2025-05-26,25,4,1,24.45,0.1,5
19,2023-03-09,30,8,7,12.82,0.15,5
20,2025-03-03,15,10,10,115.76,0.1,8
21,2023-11-08,15,5,5,136.51,0.05,8
22,2025-02-05,26,2,1,59.52,0,6
23,2024-10-24,28,1,7,28.3,0,3
24,2024-09-16,23,10,8,91.16,0,5
25,2024-11-03,18,1,8,113.74,0.05,2
26,2025-05-25,24,8,7,39.84,0.15,4
27,2024-07-27,4,9,5,224.64,0,3
28,2025-05-23,12,10,3,71.38,0,7
29,2023-12-28,22,1,5,624.65,0,8
30,2025-04-09,25,2,9,22.87,0,2
31,2023-06-22,13,3,7,185.96,0,5
32,2023-04-08,19,10,10,76.91,0.15,1
33,2023-10-21,27,8,8,37.79,0,2
34,2023-05-11,9,2,6,24.84,0.05,5
35,2023-05-04,13,1,4,146.25,0.05,8
36,2025-06-08,17,8,1,320.21,0,1
37,2025-05-06,11,5,10,29.17,0.1,5
38,2025-12-14,3,5,4,708.19,0,8
39,2023-12-26,10,6,8,19.64,0,2
40,2025-09-24,20,4,6,422.11,0.05,8
41,2025-11-05,19,4,9,91.9,0.05,8
42,2024-09-07,18,6,9,148.94,0,8
43,2025-04-21,4,3,9,226.4,0,4
44,2025-11-13,19,2,5,92.79,0,6
45,2023-12-07,19,4,6,122.61,0.1,4
46,2025-02-26,15,8,6,127.64,0.05,4
47,2025-12-26,3,2,9,888.41,0,7
48,2025-11-05,25,2,2,26.22,0.15,6
49,2023-08-23,4,3,2,299.16,0,5
50,2025-02-27,3,6,6,667.78,0,7
51,2023-10-16,17,8,3,374.45,0.05,5
52,2025-10-19,17,6,5,227.37,0,7
53,2024-03-24,11,4,3,25.05,0.15,6
54,2025-11-17,12,10,3,49.71,0.15,4
55,2024-12-28,23,3,1,78.99,0.05,8
56,2025-12-27,2,9,2,1506.01,0.1,3
57,2023-06-06,22,2,9,587.05,0.1,5
58,2025-04-05,12,5,8,78.44,0.1,6
59,2023-11-24,5,7,2,1304.37,0,3
60,2023-12-21,27,8,7,31.68,0,5
61,2024-04-18,22,7,5,607.17,0.15,5
62,2023-04-04,3,9,9,809.12,0,4
63,2025-10-06,12,4,5,57.25,0,3
64,2024-10-08,8,1,4,29.99,0.05,4
65,2024-12-12,10,5,9,18.87,0.05,6
66,2024-02-03,28,6,10,21.42,0.15,7
67,2025-03-21,16,10,6,332.74,0.05,4
68,2025-12-13,6,2,6,241.54,0.1,2
69,2024-05-03,25,3,8,35.8,0,5
70,2024-02-06,12,5,10,70.54,0,6
71,2025-07-24,26,2,6,73.13,0,2
72,2023-03-07,4,2,6,271.24,0.05,7
73,2024-08-02,2,5,10,2122.93,0.15,8
74,2025-02-14,6,10,2,267.19,0,7
75,2023-02-21,6,7,7,210.95,0.05,2
76,2025-12-28,23,1,2,97.56,0.05,3
77,2023-02-10,27,9,3,38.47,0,4
78,2023-01-25,11,2,7,25.49,0,2
79,2024-11-12,3,10,1,1147.26,0.1,2
80,2023-04-15,11,2,8,36.82,0.1,1
81,2023-12-02,10,8,2,12.65,0.1,2
82,2023-09-06,2,5,2,2057.88,0.05,8
83,2023-03-27,1,2,3,3217.85,0.05,4
84,2024-05-21,13,6,1,164.21,0,5
85,2024-12-19,24,7,3,42.99,0,5
86,2024-01-03,3,2,7,707.94,0.15,2
87,2025-07-28,14,3,2,204.72,0,8
88,2023-10-10,22,7,8,393.59,0,1
89,2023-07-13,11,4,6,30.69,0.05,8
90,2024-02-16,17,5,4,266.15,0.1,1
91,2023-02-15,5,5,4,1535.79,0.1,3
92,2024-03-03,21,2,8,259.53,0.15,7
93,2025-10-07,29,8,2,162.25,0,3
94,2023-09-09,2,1,3,1858.9,0.05,5
95,2023-11-14,27,8,4,40.66,0,8
96,2023-12-17,19,2,9,86.12,0.1,8
97,2025-09-15,11,7,9,31.14,0,2
98,2024-06-25,21,4,6,303.49,0,5
99,2025-02-06,14,8,2,173.1,0,7
100,2025-02-18,3,10,7,657.4,0.05,6
101,2023-08-08,24,7,9,61.87,0.15,8
102,2024-01-14,11,5,3,38.24,0.05,6
103,2025-11-23,12,10,6,85.3,0.1,1
104,2024-10-02,27,7,3,53.33,0,8
105,2024-06-14,20,3,6,298.85,0,5
106,2024-11-06,25,3,6,37.37,0.05,7
107,2024-05-17,14,2,4,215.98,0,5
108,2024-07-23,8,6,2,35.22,0.15,5
109,2024-11-26,2,8,9,1618.66,0.1,3
110,2023-06-15,9,4,9,22.58,0,5
111,2025-12-23,8,1,5,52.28,0,8
112,2024-09-19,8,1,3,42.44,0.15,8
113,2025-06-13,17,5,8,366.05,0,6
114,2025-10-16,2,2,7,1318.21,0,5
115,2025-01-02,20,10,8,276.96,0.1,8
116,2023-06-05,21,1,7,203.14,0.15,2
117,2025-03-16,11,3,6,29.7,0.15,7
118,2025-02-03,6,7,7,199.16,0,5
119,2023-12-24,5,7,8,1427.15,0,2
120,2023-12-28,12,2,9,83.37,0.15,6
121,2023-01-21,4,1,4,235.18,0.15,5
122,2024-08-13,10,8,1,11.92,0.05,2
123,2024-01-28,21,9,7,239.44,0,4
124,2023-09-23,20,8,1,331.33,0.15,5
125,2024-11-15,28,7,2,25.43,0.15,7
126,2024-10-10,2,5,6,2167.93,0.15,2
127,2025-05-06,18,3,5,124.81,0,8
128,2024-08-25,6,8,8,282.59,0.05,8
129,2024-04-20,28,3,2,23.99,0,6
130,2023-03-03,17,4,8,233.56,0,5
131,2025-08-09,23,10,8,73.85,0,2
132,2025-04-28,15,10,5,156.16,0.1,3
133,2024-12-08,7,2,10,107.22,0.1,2
134,2023-02-18,25,9,10,25.33,0,1
135,2025-12-28,18,6,5,149.57,0.05,7
136,2025-12-18,22,8,8,464.41,0.05,4
137,2023-09-24,19,9,2,126.45,0,5
138,2025-03-20,21,2,4,271.59,0,2
139,2024-07-21,6,10,3,250.86,0.15,3
140,2024-07-28,6,3,9,188.29,0,6
141,2024-10-18,17,8,9,279.24,0,3
142,2025-07-20,24,10,1,64.89,0.15,5
143,2024-11-10,19,10,5,114.64,0.15,1
144,2024-11-17,30,5,5,10.45,0,2
145,2023-02-08,27,1,7,35.67,0,6
146,2023-06-14,11,7,9,26.15,0.05,5
147,2024-03-17,17,10,6,262.11,0,3
148,2025-06-06,2,7,4,1633.57,0,5
149,2025-09-07,5,10,3,998.75,0.05,2
150,2023-09-10,28,10,5,23.79,0,7
151,2025-09-25,25,4,3,19.61,0.05,4
152,2024-02-01,6,3,2,176.43,0.15,7
153,2025-12-28,9,9,1,26.93,0.1,8
154,2024-06-23,15,6,1,141.19,0,8
155,2024-08-24,12,7,1,62.32,0.1,6
156,2025-03-12,4,10,10,374.51,0,4
157,2025-10-21,29,9,9,153.26,0.05,4
158,2025-09-13,3,8,5,846.38,0.1,5
159,2025-07-10,7,9,7,132.37,0,4
160,2023-10-09,18,3,8,200.35,0.05,5
161,2024-07-26,5,4,1,1213.15,0.1,8
162,2024-06-12,17,3,3,347.76,0.15,1
163,2023-07-23,1,10,8,2352.74,0,7
164,2025-11-26,28,6,1,17.73,0.15,1
165,2025-11-02,3,1,10,781.29,0.1,4
166,2025-10-24,18,4,8,120.89,0,2
167,2025-12-22,14,4,10,209.23,0.15,3
168,2023-11-22,30,5,2,10.92,0,4
169,2025-05-27,15,10,6,158.74,0.05,1
170,2025-06-27,8,7,3,43.84,0,8
171,2024-10-09,10,2,7,18.26,0,7
172,2025-05-25,8,5,8,35.54,0,1
173,2023-05-19,18,3,3,114.77,0,7
174,2025-02-26,21,3,6,225.27,0,7
175,2023-11-13,7,10,2,130.52,0.05,3
176,2025-10-12,22,2,2,371.32,0,5
177,2025-08-25,29,1,7,110.59,0,6
178,2023-01-23,18,7,8,170.61,0,4
179,2024-04-27,7,10,5,109.01,0.05,3
180,2025-12-06,21,5,8,300.63,0,2
181,2025-08-02,8,2,2,40.57,0.1,7
182,2023-02-05,17,8,1,350.0,0,2
183,2025-11-23,29,10,4,142.71,0,6
184,2024-01-09,20,10,7,523.65,0.1,6
185,2024-08-01,3,7,4,779.09,0,8
186,2025-06-01,4,3,8,195.12,0.05,8
187,2023-09-20,26,10,9,73.77,0.05,4
188,2024-01-14,11,8,7,39.16,0,7
189,2025-11-12,18,7,8,190.95,0.1,2
190,2023-12-03,22,4,1,628.36,0,1
191,2025-10-04,2,8,3,2168.06,0.05,1
192,2024-12-13,6,9,4,278.31,0,8
193,2025-03-21,10,4,3,17.27,0.05,5
194,2024-03-17,21,3,4,279.39,0.05,1
195,2024-12-08,14,5,1,255.85,0.1,5
196,2025-11-08,9,9,4,23.89,0.05,1
197,2025-11-13,15,7,7,122.96,0.05,3
198,2024-05-20,12,4,3,73.4,0,7
199,2024-12-24,30,3,9,11.37,0,7
200,2023-11-21,27,3,5,42.03,0,8
201,2023-09-10,3,4,9,1108.67,0.1,2
202,2024-05-20,18,1,3,140.21,0,4
203,2024-06-26,15,1,2,102.91,0.15,3
204,2023-03-14,7,9,5,142.3,0.15,4
205,2023-04-26,18,8,4,140.76,0,3
206,2023-02-09,24,10,10,49.82,0,7
207,2023-12-12,2,7,4,2215.66,0.05,5
208,2023-12-01,20,9,10,328.78,0,6
209,2025-07-25,16,2,10,262.4,0,1
210,2025-12-06,2,2,4,2222.35,0.05,6
211,2023-04-16,17,9,1,367.94,0,3
212,2025-04-07,15,2,8,125.66,0.15,5
213,2025-11-10,1,6,2,2500.27,0,5
214,2025-01-25,2,2,7,1577.34,0.05,7
215,2024-01-11,22,2,6,657.53,0.05,7
216,2023-09-16,3,10,3,739.52,0.1,1
217,2024-12-15,22,9,9,491.44,0,7
218,2023-07-05,8,3,2,43.49,0,8
219,2024-09-26,16,9,3,385.23,0.1,8
220,2023-05-01,17,9,6,272.63,0.15,4
221,2024-10-11,10,1,10,12.63,0.15,2
222,2024-12-27,30,10,10,12.11,0.15,6
223,2024-07-10,13,8,7,217.36,0,7
224,2024-04-24,8,8,8,34.78,0,5
225,2024-06-02,11,5,9,33.63,0,7
226,2025-10-26,23,6,9,89.51,0,8
227,2024-02-08,26,7,10,101.43,0.15,1
228,2023-07-09,25,7,2,27.97,0.15,5
229,2024-11-07,19,9,3,93.16,0.1,3
230,2024-10-18,10,4,5,17.17,0.15,5
231,2024-03-08,14,10,9,181.27,0,7
232,2024-11-22,4,3,8,253.25,0,3
233,2024-11-13,17,3,1,331.11,0,4
234,2023-08-16,21,8,1,183.52,0,8
235,2024-03-20,5,2,8,1299.72,0.1,3
236,2023-07-01,13,6,3,219.32,0,7
237,2024-10-02,1,5,6,2954.65,0.15,2
238,2023-04-28,6,2,4,214.14,0.1,2
239,2023-11-19,10,7,8,18.51,0,5
240,2024-06-20,14,5,2,273.7,0.05,1
241,2023-03-05,14,3,8,207.97,0,5
242,2024-02-10,11,2,8,39.54,0,1
243,2025-09-15,1,6,5,3557.82,0,4
244,2024-10-18,23,5,2,81.55,0.1,3
245,2025-01-19,8,4,2,45.86,0.15,5
246,2024-09-12,26,6,3,64.63,0.1,6
247,2024-02-02,1,4,4,3997.47,0,5
248,2025-04-06,6,7,1,262.18,0,7
249,2025-02-22,30,5,3,14.49,0,1
250,2023-12-01,9,3,9,19.21,0,3
251,2023-08-06,16,4,5,324.6,0.1,6
252,2023-06-17,15,1,2,120.1,0.05,4
253,2023-12-17,17,5,5,359.53,0.05,3
254,2024-01-28,30,1,10,10.05,0,5
255,2025-07-05,25,2,6,36.84,0,7
256,2025-12-26,13,8,5,133.89,0.1,8
257,2024-07-13,11,5,2,23.96,0,4
258,2023-07-10,25,7,9,32.96,0.1,7
259,2024-08-11,24,6,3,61.96,0.1,7
260,2023-03-22,16,9,5,367.31,0.1,3
261,2025-04-15,19,7,1,118.01,0,7
262,2025-11-24,14,8,3,279.32,0.1,6
263,2024-07-15,7,10,8,123.22,0,5
264,2025-07-21,20,2,6,508.35,0,1
265,2023-09-08,12,3,1,75.24,0,5
266,2023-10-05,30,5,2,8.23,0,3
267,2024-08-18,4,6,8,217.05,0.05,4
268,2023-03-07,28,7,3,21.06,0.05,1
269,2025-04-04,10,7,2,18.38,0.15,2
270,2023-04-11,8,5,3,46.33,0,7
271,2023-06-11,3,4,4,1133.94,0,5
272,2024-05-28,12,9,9,81.25,0,2
273,2023-05-01,4,2,9,201.49,0,3
274,2025-12-16,23,1,3,81.15,0.05,7
275,2023-01-20,9,1,9,17.4,0.05,8
276,2023-01-04,22,9,10,505.77,0,2
277,2023-09-04,28,1,8,22.49,0,5
278,2025-06-07,23,3,3,93.97,0,5
279,2025-09-14,16,1,5,268.21,0,3
280,2023-08-17,21,5,8,236.95,0.15,8
281,2025-08-22,21,2,7,282.87,0,5
282,2024-08-18,7,6,2,141.09,0.05,5
283,2025-11-19,13,10,3,192.17,0.1,1
284,2023-06-17,14,9,3,285.01,0.05,8
285,2025-08-28,2,9,4,1517.55,0.05,7
286,2025-11-03,8,6,3,45.4,0,6
287,2024-11-26,4,6,8,311.69,0.15,3
288,2023-08-26,4,10,6,290.89,0.15,1
289,2025-09-26,13,6,8,154.5,0,6
290,2023-10-03,20,1,6,425.14,0,7
291,2024-12-21,3,8,2,971.38,0,6
292,2023-08-19,22,7,4,389.53,0.15,7
293,2025-08-24,11,5,10,31.45,0.1,2
294,2023-04-03,21,7,1,169.55,0,5
295,2025-09-25,22,7,2,432.95,0,5
296,2023-10-18,14,2,2,240.99,0,4
297,2025-04-11,18,7,4,191.87,0.15,8
298,2024-05-08,14,10,2,186.29,0.05,8
299,2023-04-07,22,5,5,668.19,0,8
300,2025-08-02,16,10,6,282.87,0,3
301,2025-03-20,5,5,10,1705.71,0,6
302,2023-10-11,22,2,6,502.31,0.05,3
303,2024-11-08,5,8,8,1538.1,0.1,3
304,2025-12-22,4,4,5,370.36,0.05,3
305,2025-05-13,14,3,9,277.18,0.15,8
306,2023-11-28,4,8,9,358.88,0,2
307,2023-01-25,26,3,6,68.6,0,7
308,2023-08-04,14,6,3,236.94,0.15,8
309,2023-06-15,14,10,7,246.12,0,4
310,2024-04-22,30,9,7,11.46,0,2
311,2023-09-10,23,8,4,96.35,0.15,2
312,2025-12-20,20,7,7,497.17,0,1
313,2024-10-23,16,6,6,374.79,0.15,8
314,2023-12-02,24,9,8,58.02,0,5
315,2024-03-27,5,4,3,1125.01,0,2
316,2024-02-05,6,10,2,195.18,0.15,1
317,2025-12-13,5,9,3,1071.92,0,1
318,2024-12-22,23,1,1,71.31,0,4
319,2023-02-22,9,2,9,26.1,0,3
320,2023-05-21,9,3,9,25.76,0.1,8
321,2024-09-20,25,7,4,20.07,0.15,3
322,2024-08-08,5,2,5,1704.12,0.1,1
323,2023-02-03,3,8,9,1109.5,0,2
324,2024-09-11,22,2,10,467.38,0.15,7
325,2025-12-25,27,6,7,44.57,0,5
326,2023-10-19,22,4,2,546.97,0.15,7
327,2025-12-19,19,2,10,122.95,0,2
328,2024-12-24,22,9,8,434.19,0,4
329,2023-12-05,26,10,2,96.42,0.1,4
330,2023-05-12,10,4,1,16.74,0.05,4
331,2025-01-17,5,4,10,1352.22,0,4
332,2025-10-20,8,1,1,49.95,0.05,5
333,2025-12-13,6,6,6,182.87,0,7
334,2023-02-15,13,5,6,219.59,0,4
335,2023-08-08,25,8,6,20.02,0,7
336,2023-05-24,26,6,10,104.21,0,7
337,2025-05-23,27,8,3,30.78,0,8
338,2023-09-18,25,3,4,32.79,0,4
339,2025-06-28,21,3,4,191.81,0,3
340,2025-11-12,30,3,4,12.07,0.15,3
341,2023-06-09,15,2,4,105.69,0,5
342,2023-07-18,2,6,2,2013.73,0.15,4
343,2025-07-24,5,7,4,982.82,0,8
344,2024-12-03,23,3,4,76.28,0,1
345,2025-03-04,5,5,7,1189.06,0.1,1
346,2023-05-13,29,10,5,92.02,0.05,4
347,2024-12-13,19,4,9,114.7,0.15,8
348,2023-12-24,14,3,3,291.7,0,4
349,2024-06-03,23,8,5,61.68,0,1
350,2025-09-02,14,3,5,209.71,0,4
351,2024-05-12,8,2,3,29.77,0.1,6
352,2024-03-02,15,10,6,131.69,0.1,4
353,2023-11-11,30,9,1,9.84,0,5
354,2025-03-22,25,9,8,36.47,0,1
355,2023-02-04,30,6,4,8.22,0.1,5
356,2025-12-07,15,4,8,143.74,0,7
357,2023-07-18,3,3,4,879.82,0,3
358,2023-11-11,20,7,6,487.79,0.1,2
359,2024-08-16,15,4,10,95.71,0.15,6
360,2024-05-11,26,3,1,69.06,0.05,3
361,2024-12-24,25,8,10,32.17,0.05,4
362,2023-04-18,5,5,10,1086.93,0,5
363,2024-12-02,25,1,3,34.67,0,7
364,2023-11-25,21,2,3,277.26,0,8
365,2023-12-09,18,2,6,179.13,0.15,8
366,2024-11-15,4,4,2,356.8,0.05,8
367,2023-09-10,9,4,4,20.14,0.15,2
368,2023-09-06,8,3,3,28.67,0.05,2
369,2024-09-28,23,1,5,98.42,0.1,8
370,2025-05-05,7,7,7,169.73,0.05,8
371,2024-11-01,9,7,8,26.45,0,4
372,2025-11-13,10,5,3,17.4,0.15,3
373,2025-08-18,20,3,2,351.1,0.1,5
374,2025-03-15,26,5,7,88.52,0,2
375,2023-11-10,22,9,2,512.42,0,3
376,2025-10-27,24,7,1,49.26,0.05,8
377,2023-12-19,11,1,5,24.53,0.15,3
378,2024-12-21,22,7,7,501.18,0,6
379,2025-03-13,26,6,6,76.3,0.15,8
380,2025-07-26,29,4,7,97.6,0.05,8
381,2023-02-25,9,6,5,21.86,0.05,2
382,2025-05-06,12,3,7,70.55,0.1,7
383,2023-12-03,29,2,10,100.5,0,6
384,2024-04-07,8,3,2,36.41,0,3
385,2024-12-02,19,4,1,88.71,0.1,3
386,2024-01-19,17,4,8,235.36,0,3
387,2025-11-21,25,4,8,20.83,0,3
388,2025-02-01,7,10,7,193.17,0,3
389,2024-03-14,10,2,1,19.68,0,7
390,2024-09-13,17,1,1,219.67,0,1
391,2023-05-06,19,5,2,110.87,0,1
392,2025-05-04,9,9,9,27.45,0,6
393,2025-05-27,7,1,9,130.98,0.1,6
394,2024-04-15,15,5,9,125.64,0,7
395,2023-06-22,17,9,8,305.28,0.15,6
396,2024-12-21,2,9,2,2190.8,0.15,1
397,2024-07-18,9,3,10,23.28,0.1,5
398,2023-07-23,7,2,7,135.76,0.05,7
399,2025-01-10,1,9,3,2571.16,0,7
400,2024-12-11,9,8,8,18.02,0,8
401,2023-08-19,9,6,2,19.62,0.05,4
402,2023-10-11,4,7,9,278.16,0,1
403,2024-03-03,10,8,1,10.95,0,8
404,2023-01-03,7,4,9,123.09,0.15,1
405,2023-03-23,21,1,2,310.25,0,4
406,2025-04-16,12,8,8,75.82,0.05,2
407,2023-11-02,11,1,6,31.5,0,5
408,2023-07-26,20,4,4,341.78,0.05,8
409,2024-09-04,7,1,6,144.2,0.05,8
410,2023-12-25,24,3,1,46.78,0.05,2
411,2024-04-10,26,8,6,88.79,0.1,4
412,2023-04-19,24,9,6,38.32,0.1,1
413,2025-01-09,26,7,6,102.95,0.05,2
414,2025-06-22,25,1,2,30.77,0.05,1
415,2024-12-25,4,1,10,332.89,0,7
416,2023-11-08,17,7,3,226.51,0.1,3
417,2023-06-10,10,4,10,16.22,0,7
418,2024-03-05,2,8,6,2230.98,0,2
419,2025-12-09,15,8,4,149.79,0.1,5
420,2024-02-09,1,3,5,4330.52,0,5
421,2025-11-08,21,10,8,190.94,0.15,2
422,2023-08-27,21,4,5,301.65,0.1,2
423,2023-06-11,20,6,5,400.79,0.15,2
424,2023-06-01,2,4,10,2087.72,0,8
425,2025-04-11,3,5,2,663.55,0,1
426,2025-11-23,3,6,2,1082.25,0,5
427,2023-11-02,11,8,7,44.75,0.15,7
428,2024-06-28,21,6,2,293.7,0.05,5
429,2023-12-02,16,7,2,358.78,0.05,7
430,2025-05-15,28,2,4,27.27,0.1,4
431,2023-05-26,30,7,5,8.95,0.15,4
432,2024-05-12,8,1,2,50.75,0.15,6
433,2023-07-15,23,5,3,81.08,0.15,6
434,2025-06-19,1,2,6,4176.23,0.1,8
435,2023-03-15,26,9,1,87.47,0.1,2
436,2024-09-24,27,5,9,50.47,0.1,6
437,2024-08-20,11,10,1,25.15,0.15,1
438,2025-08-02,10,3,1,17.2,0.15,2
439,2024-09-23,7,7,1,171.75,0.1,8
440,2023-03-21,12,8,2,55.91,0,8
441,2024-04-12,10,7,10,17.2,0,3
442,2023-05-28,6,3,1,181.83,0,7
443,2025-04-25,22,10,6,699.23,0.05,3
444,2024-04-13,14,6,6,179.28,0,1
445,2025-06-11,18,10,10,197.45,0,3
446,2024-08-01,16,9,5,357.11,0.15,5
447,2023-10-10,23,7,9,77.92,0.05,5
448,2023-12-04,22,1,1,484.37,0,3
449,2023-12-20,26,6,4,85.89,0.15,4
450,2025-01-07,29,10,5,92.2,0,8
451,2024-02-04,12,7,5,73.99,0.1,2
452,2023-11-13,11,8,10,24.88,0.15,1
453,2025-04-11,20,7,10,301.79,0,7
454,2025-12-06,6,4,3,162.15,0,4
455,2023-08-17,12,7,6,75.02,0,6
456,2025-12-25,19,4,7,125.51,0.05,1
457,2025-07-13,28,10,6,23.47,0,7
458,2023-04-19,19,9,5,84.98,0.15,6
459,2025-08-22,29,1,4,154.03,0,3
460,2023-12-02,19,6,2,131.54,0,3
461,2024-11-08,2,2,5,1342.49,0.15,8
462,2023-07-03,21,7,8,197.35,0,3
463,2024-12-06,5,9,3,1680.2,0.1,8
464,2024-07-28,11,6,9,35.11,0,2
465,2025-09-01,8,9,1,53.71,0,6
466,2025-07-07,2,1,9,1479.41,0.15,7
467,2025-08-08,2,8,7,2163.84,0,6
468,2024-12-02,9,7,2,18.31,0.1,1
469,2025-10-05,3,4,7,958.08,0.15,6
470,2024-04-10,18,7,3,178.85,0.15,6
471,2023-04-03,29,4,5,101.27,0.1,6
472,2023-11-12,11,9,8,43.55,0,7
473,2025-12-02,13,10,3,129.71,0,8
474,2024-07-28,3,8,8,1248.36,0.15,3
475,2025-04-03,22,3,2,444.16,0,6
476,2024-10-06,14,8,4,286.92,0,8
477,2025-03-28,23,7,6,85.68,0.1,1
478,2023-07-14,2,4,7,2147.23,0.1,7
479,2025-03-06,21,10,10,322.44,0.15,1
480,2025-09-28,17,7,8,370.42,0,6
481,2024-05-01,9,4,9,29.14,0.1,3
482,2023-12-02,23,6,8,73.35,0,4
483,2024-11-06,1,6,10,3796.71,0,5
484,2025-07-05,13,3,2,183.98,0,3
485,2025-08-19,22,2,9,364.86,0,4
486,2024-04-12,10,3,6,19.5,0.05,4
487,2025-01-02,21,1,2,246.98,0.05,3
488,2024-09-15,30,9,9,10.35,0.15,6
489,2024-06-23,16,6,2,412.77,0,5
490,2024-11-12,14,9,9,294.11,0,8
491,2023-08-13,23,4,10,69.71,0.1,5
492,2024-12-08,15,6,5,99.2,0.15,3
493,2024-12-27,11,4,3,44.69,0.1,5
494,2023-12-25,8,7,2,49.47,0,6
495,2023-07-02,25,1,4,34.61,0.1,4
496,2025-02-13,6,3,5,194.65,0,5
497,2024-07-05,29,9,3,123.7,0,3
498,2024-11-28,18,3,2,128.7,0.1,6
499,2024-08-25,19,5,10,98.99,0.15,4
500,2023-02-17,9,9,2,25.42,0.1,1
501,2025-12-19,20,8,3,342.4,0,1
502,2024-01-10,15,9,2,146.36,0,7
503,2024-02-12,28,9,2,26.58,0.1,6
504,2024-02-14,16,10,7,309.28,0.1,8
505,2025-06-22,27,2,7,52.86,0,3
506,2023-10-20,24,10,8,40.58,0.15,5
507,2023-11-23,8,10,4,51.2,0.05,7
508,2024-05-27,14,2,8,307.0,0,4
509,2024-10-11,23,8,3,52.25,0.1,2
510,2023-02-19,29,6,8,120.68,0.15,4
511,2025-12-11,27,5,5,50.85,0.15,5
512,2023-10-04,1,10,3,3011.22,0,4
513,2024-10-22,21,5,4,318.34,0,8
514,2025-02-01,10,8,5,11.38,0,6
515,2023-05-26,28,1,4,25.42,0.15,6
516,2024-04-05,20,7,3,318.57,0.15,3
517,2023-11-05,16,1,9,467.1,0,3
518,2023-12-14,17,2,8,275.69,0,2
519,2025-10-04,1,1,3,2767.97,0.05,4
520,2024-06-11,27,3,8,45.28,0,8
521,2025-09-15,10,8,2,11.27,0.15,5
522,2024-10-09,24,8,4,64.22,0,4
523,2024-07-16,17,7,5,334.49,0.15,2
524,2024-11-06,20,7,9,355.64,0.05,7
525,2023-05-22,27,9,1,31.65,0,6
526,2025-07-17,25,7,7,20.98,0.1,7
527,2023-08-23,29,5,9,165.76,0,1
528,2024-08-14,8,3,10,47.64,0,6
529,2024-07-12,15,9,10,153.47,0,3
530,2024-12-08,18,6,7,158.06,0.15,5
531,2025-09-10,27,10,4,50.67,0,1
532,2023-01-03,18,5,10,130.11,0,6
533,2023-08-12,3,9,1,1159.75,0.05,6
534,2025-12-19,17,7,7,221.94,0.1,2
535,2025-10-02,20,10,5,398.72,0.1,4
536,2024-08-22,16,5,2,345.25,0,1
537,2025-06-23,4,1,8,209.03,0.1,4
538,2024-03-26,20,8,2,383.05,0,6
539,2025-11-16,1,6,3,3076.04,0,4
540,2025-06-13,7,7,8,129.78,0,4
541,2024-11-02,18,8,1,150.89,0,5
542,2024-12-04,26,8,4,73.28,0.05,6
543,2025-03-21,13,6,2,124.7,0,7
544,2024-06-12,12,8,10,51.28,0,2
545,2024-09-25,18,5,3,209.96,0.05,2
546,2024-05-23,27,3,8,44.85,0,8
547,2024-03-25,19,8,6,81.46,0,6
548,2023-01-02,22,4,2,651.39,0,5
549,2023-12-09,19,7,2,116.04,0.05,6
550,2023-10-03,8,10,5,43.81,0,1
551,2025-12-02,5,2,6,1588.87,0.05,2
552,2023-01-13,9,8,3,20.93,0,6
553,2023-02-01,24,5,9,67.06,0.15,3
554,2025-10-10,9,3,7,27.91,0.1,1
555,2025-03-12,9,4,10,24.48,0.05,8
556,2024-06-22,10,5,10,17.29,0,8
557,2024-02-01,3,9,7,901.9,0,4
558,2024-03-16,15,5,10,88.88,0.1,5
559,2024-03-04,17,9,6,258.2,0.15,4
560,2024-02-05,13,9,9,187.19,0.15,4
561,2023-11-13,28,8,4,21.09,0,2
562,2023-04-23,10,10,9,13.27,0.15,1
563,2025-01-18,14,1,9,281.66,0.1,1
564,2023-03-11,1,10,10,2815.67,0,4
565,2024-07-05,11,2,8,38.09,0,8
566,2023-07-20,18,1,10,168.07,0,7
567,2024-05-17,12,2,7,82.18,0,1
568,2023-12-19,10,5,7,13.04,0.1,1
569,2024-11-25,8,10,9,40.39,0.15,2
570,2024-11-24,7,10,1,144.67,0.15,2
571,2025-12-23,18,9,5,140.83,0,5
572,2025-07-26,5,4,2,1118.46,0.1,5
573,2023-12-05,13,8,9,171.28,0.15,6
574,2025-05-10,6,8,9,229.56,0.1,8
575,2025-08-09,6,6,5,261.54,0,3
576,2024-12-10,30,1,4,14.73,0,4
577,2024-04-25,20,3,1,376.54,0.15,8
578,2023-03-24,30,10,4,13.45,0.05,8
579,2023-09-20,24,2,4,45.29,0,4
580,2025-02-06,19,4,9,93.39,0.15,7
581,2025-09-19,4,9,7,208.47,0.1,3
582,2025-06-03,21,6,2,227.01,0.15,5
583,2024-12-18,17,3,4,240.9,0,7
584,2024-06-12,12,7,10,51.94,0.05,1
585,2024-01-12,26,3,10,102.81,0.1,1
586,2024-12-18,7,1,9,199.37,0,3
587,2023-04-04,29,3,2,161.0,0.15,5
588,2025-06-21,14,7,2,267.85,0,8
589,2023-03-28,24,1,1,49.93,0,2
590,2024-05-14,2,7,4,1587.06,0,6
591,2023-05-04,12,9,10,76.98,0,7
